<?xml version="1.0" encoding="UTF-8"?>
<beans xmlns="http://www.springframework.org/schema/beans"
	xmlns:xsi="http://www.w3.org/2001/XMLSchema-instance" xmlns:context="http://www.springframework.org/schema/context"
	xmlns:util="http://www.springframework.org/schema/util" xmlns:mvc="http://www.springframework.org/schema/mvc"
	xmlns:tx="http://www.springframework.org/schema/tx"
	xsi:schemaLocation="http://www.springframework.org/schema/mvc http://www.springframework.org/schema/mvc/spring-mvc-3.2.xsd
  http://www.springframework.org/schema/beans http://www.springframework.org/schema/beans/spring-beans.xsd
  http://www.springframework.org/schema/util http://www.springframework.org/schema/util/spring-util-3.2.xsd
  http://www.springframework.org/schema/context http://www.springframework.org/schema/context/spring-context-3.2.xsd
  http://www.springframework.org/schema/tx http://www.springframework.org/schema/tx/spring-tx-3.2.xsd">

	<context:component-scan base-package="com.example.rpms" />
	<context:annotation-config />
	<mvc:annotation-driven />
	
	<bean class="org.springframework.web.servlet.view.InternalResourceViewResolver">
	        <!-- Example: a logical view name of 'showMessage' is mapped to '/WEB-INF/jsp/showMessage.jsp' -->
	        <property name="prefix" value="/test/"/>
	        <property name="suffix" value=".jsp"/>
	</bean>

	<tx:annotation-driven transaction-manager="transactionManager" />

	<mvc:resources mapping="/resources/**" location="/resources/"
		cache-period="10000" />

	<!-- applicationContext.xml -->
	<bean id="sessionFactory"
		class="org.springframework.orm.hibernate4.LocalSessionFactoryBean">
		<property name="dataSource" ref="embedded-database" />
		<property name="packagesToScan" value="com.example.rpms.domain" />
		<property name="hibernateProperties">
			<value>
				hibernate.dialect=org.hibernate.dialect.MySQL5InnoDBDialect
				hibernate.connection.useUnicode=true
				hibernate.connection.characterEncoding=UTF-8
				hibernate.connection.charSet=UTF-8
				hibernate.ejb.naming_strategy=org.hibernate.cfg.ImprovedNamingStrategy
				hibernate.show_sql=true
				<!-- hibernate.connection.zeroDateTimeBehavior=convertToNull -->
			</value>
		</property>
	</bean>
	<bean id="transactionManager"
		class="org.springframework.orm.hibernate4.HibernateTransactionManager">
		<property name="sessionFactory" ref="sessionFactory" />
	</bean>

	<bean id="multipartResolver"
		class="org.springframework.web.multipart.commons.CommonsMultipartResolver">
		<!-- setting maximum upload size -->
		<property name="maxUploadSize" value="1000000" />
	</bean>

</beans>